programa,total_2018_2024,modelo,mape_pct,confianza,pred_2025,pred_2026,pred_2027,ic_inf_2027,ic_sup_2027,mape_Lineal,mape_Polinómico,mape_SES,mape_Holt
DERECHO,4650,SES,3.6,ALTA,664,664,664,163,1165,8.6,33.5,3.6,8.6
NEGOCIOS INTERNACIONALES,2675,Lineal,5.1,ALTA,496,524,553,223,882,5.1,49.2,19.5,5.1
INGENIERIA CIVIL,2619,SES,13.2,ALTA,347,347,347,80,613,25.4,22.5,13.2,25.4
ADMINISTRACION DE EMPRESAS,2467,SES,4.9,ALTA,352,352,352,190,515,5.2,19.0,4.9,5.2
ESPECIALIZACION EN DERECHO ADMINISTRATIVO,2209,Lineal,16.3,MEDIA,375,389,404,213,596,16.3,22.2,21.3,16.3
ARQUITECTURA,1866,Holt,18.4,MEDIA,338,356,374,203,545,18.4,28.5,27.3,18.4
CONTADURIA PUBLICA,1516,Lineal,11.0,ALTA,170,158,146,83,210,11.0,19.5,19.3,11.0
INGENIERIA AMBIENTAL,1463,Holt,14.9,ALTA,122,108,94,0,304,35.9,85.0,15.1,14.9
"CULTURA FISICA, DEPORTE Y RECREACION",1352,Holt,3.4,ALTA,287,310,333,263,404,5.6,13.8,8.8,3.4
INGENIERIA INDUSTRIAL,1102,SES,8.5,ALTA,200,200,200,11,390,21.1,14.8,8.5,21.1
PSICOLOGIA,1026,SES,12.3,ALTA,147,147,147,77,217,17.6,19.5,12.3,22.8
ODONTOLOGIA,918,SES,24.2,MEDIA,131,131,131,0,290,41.5,43.0,24.2,41.5
COMUNICACION SOCIAL,742,Lineal,26.4,MEDIA,35,17,0,0,150,26.4,106.3,50.6,26.4
ESPECIALIZACION EN GERENCIA EMPRESARIAL,685,SES,18.3,MEDIA,93,93,93,0,187,34.9,25.9,18.3,34.9
ECONOMIA,661,Holt,11.3,ALTA,84,82,79,0,183,11.3,17.9,15.9,11.3
ADMINISTRACION AMBIENTAL Y DE LOS RECURSOS NATURALES,659,SES,8.7,ALTA,94,94,94,0,200,17.6,37.6,8.7,17.6
INGENIERIA MECANICA,635,Holt,5.6,ALTA,120,127,134,68,200,5.6,24.2,21.4,5.6
MERCADEO,587,SES,8.6,ALTA,84,84,84,0,178,24.5,49.3,8.6,24.5
ESPECIALIZACION EN PATOLOGIA DE LA CONSTRUCCION,587,SES,16.5,MEDIA,84,84,84,35,132,21.7,26.9,16.5,21.7
ESPECIALIZACION EN AUDITORIA DE SALUD,580,Polinómico,29.7,MEDIA,101,126,157,104,211,30.0,29.7,31.9,30.0
MAESTRIA EN EDUCACION,501,SES,210.5,BAJA,10,10,10,0,454,1068.3,1393.5,210.5,1068.3
ESPECIALIZACION EN FINANZAS,489,SES,1.1,ALTA,70,70,70,33,107,7.9,3.0,1.1,7.9
ESPECIALIZACION EN PSICOLOGIA JURIDICA Y FORENSE,478,SES,14.1,ALTA,68,68,68,19,118,22.7,16.3,14.1,22.7
ESPECIALIZACION EN GERENCIA DE PROYECTOS DE CONSTRUCCION,429,Lineal,5.8,ALTA,92,100,107,72,143,5.8,17.2,23.4,5.8
GOBIERNO Y RELACIONES INTERNACIONALES,422,Holt,52.0,BAJA,78,82,86,19,153,52.0,65.0,54.5,52.0
CONSTRUCCION EN ARQUITECTURA E INGENIERIA,415,SES,36.9,BAJA,63,63,63,0,170,42.5,47.4,36.9,42.5
INGENIERIA ELECTRONICA,414,SES,12.2,ALTA,59,59,59,12,106,25.6,42.9,12.2,28.5
ESPECIALIZACION EN CONTRATACION ESTATAL,388,Polinómico,25.1,MEDIA,135,179,232,199,265,46.6,25.1,50.0,36.1
ADMINISTRACION DE EMPRESAS AGROPECUARIAS,378,SES,30.9,BAJA,64,64,64,0,141,40.9,54.9,30.9,40.9
DISENO GRAFICO,364,SES,13.1,ALTA,52,52,52,6,98,21.5,27.0,13.1,21.5
LICENCIATURA EN EDUCACION PREESCOLAR,342,Holt,140.7,BAJA,16,7,0,0,114,140.7,230.6,254.0,140.7
MAESTRIA EN CALIDAD Y GESTION INTEGRAL,334,SES,116.6,BAJA,19,19,19,0,109,148.2,123.5,116.6,148.2
ESPECIALIZACION EN GEOTECNIA VIAL Y PAVIMENTOS,331,SES,15.5,MEDIA,46,46,46,0,123,53.8,24.5,15.5,53.8
SOCIOLOGIA,328,SES,53.6,BAJA,47,47,47,0,104,59.2,74.5,53.6,59.2
ESPECIALIZACION EN ESTRUCTURAS,318,Holt,11.6,ALTA,74,82,89,60,118,11.6,12.1,24.5,11.6
ESPECIALIZACION EN DIRECCION Y GESTION DE LA CALIDAD,313,Polinómico,10.5,ALTA,173,258,363,353,373,47.4,10.5,39.0,36.2
ESPECIALIZACION EN GERENCIA DE INSTITUCIONES DE SEGURIDAD SOCIAL EN SALUD,312,Lineal,60.8,BAJA,22,17,11,0,63,60.8,94.0,96.2,60.8
ESPECIALIZACION EN DERECHO PROCESAL,306,Polinómico,25.3,MEDIA,63,82,106,76,137,40.7,25.3,27.7,40.7
ESTADISTICA,297,Holt,17.5,MEDIA,66,70,74,25,123,22.3,25.0,21.3,17.5
INGENIERIA DE TELECOMUNICACIONES,281,SES,25.0,MEDIA,40,40,40,0,81,42.5,70.9,25.0,42.5
MAESTRIA EN DERECHO ADMINISTRATIVO,275,SES,129.4,BAJA,39,39,39,0,163,174.6,204.5,129.4,225.5
MAESTRIA EN DERECHO CONTRACTUAL PUBLICO Y PRIVADO,263,Polinómico,18.6,MEDIA,4,0,0,0,60,93.9,18.6,33.2,93.9
OPTOMETRIA,249,Holt,14.4,ALTA,42,44,46,21,70,14.4,42.6,20.1,14.4
LICENCIATURA EN LENGUAS EXTRANJERAS INGLES,244,SES,20.7,MEDIA,41,41,41,0,103,31.5,47.2,20.7,31.5
ESPECIALIZACION EN ENDODONCIA,236,SES,14.7,ALTA,34,34,34,0,84,43.9,20.1,14.7,43.9
LICENCIATURA EN FILOSOFIA Y EDUCACION RELIGIOSA,226,Holt,21.5,MEDIA,0,0,0,0,23,21.5,395.8,615.4,21.5
MAESTRIA EN PSICOLOGIA JURIDICA,223,Polinómico,81.1,BAJA,0,0,0,0,58,304.1,81.1,161.0,304.1
MAESTRIA EN ADMINISTRACION,214,SES,33.1,BAJA,33,33,33,0,87,67.3,58.1,33.1,80.7
ESPECIALIZACION EN DERECHO PENAL,209,Lineal,26.5,MEDIA,36,37,38,0,80,26.5,60.9,26.8,32.6
ESPECIALIZACION EN GESTION TERRITORIAL Y AVALUOS,203,Lineal,13.9,ALTA,25,24,23,0,46,13.9,53.4,20.5,14.2
"MAESTRIA EN DEFENSA DE LOS DERECHOS HUMANOS Y DEL DERECHO INTERNACIONAL HUMANITARIO ANTE ORGANISMOS, TRIBUNALES Y CORTES INTERNACIONALES",202,SES,27.4,MEDIA,55,55,55,1,110,29.4,36.1,27.4,32.0
ESPECIALIZACION EN ADMINISTRACION DEPORTIVA,200,Lineal,8.7,ALTA,50,56,61,15,108,8.7,32.8,45.2,8.7
TECNOLOGIA EN LABORATORIO DENTAL,193,SES,7.8,ALTA,28,28,28,0,60,40.3,45.4,7.8,40.3
ESPECIALIZACION EN GERENCIA TRIBUTARIA,190,Polinómico,67.3,BAJA,19,15,9,0,80,133.9,67.3,107.8,133.9
ESPECIALIZACION EN AUTOMATIZACION INDUSTRIAL,176,SES,29.9,MEDIA,25,25,25,0,73,37.0,51.8,29.9,37.0
ESPECIALIZACION EN INTERVENTORIA Y SUPERVISION DE LA CONSTRUCCION,172,Polinómico,95.5,BAJA,50,62,76,21,132,129.9,95.5,99.6,139.7
ESPECIALIZACION EN PEDAGOGIA PARA LA EDUCACION SUPERIOR,171,SES,32.4,BAJA,24,24,24,0,115,48.8,38.9,32.4,48.8
ESPECIALIZACION EN DERECHO PENAL Y PROCESAL PENAL,171,Holt,53.5,BAJA,94,124,153,63,243,53.5,58.6,70.0,53.5
MAESTRIA EN DERECHO PUBLICO,167,SES,10.8,ALTA,24,24,24,0,68,35.7,52.6,10.8,35.7
MAESTRIA EN PEDAGOGIA,165,Holt,77.1,BAJA,13,11,8,0,46,77.1,102.4,97.7,77.1
ESPECIALIZACION EN REVISORIA FISCAL Y AUDITORIA EXTERNA,164,SES,31.0,BAJA,27,27,27,0,74,58.9,54.7,31.0,58.9
ESPECIALIZACION EN FINANZAS PUBLICAS,161,SES,36.1,BAJA,23,23,23,0,98,66.8,53.4,36.1,66.8
MAESTRIA EN ADMINISTRACION - MBA,154,Lineal,48.7,BAJA,16,14,12,0,71,48.7,169.2,60.4,48.7
MAESTRIA EN PSICOLOGIA CLINICA Y DE LA FAMILIA,154,SES,10.6,ALTA,22,22,22,0,57,24.0,34.3,10.6,24.0
ESPECIALIZACION EN ADMINISTRACION Y GERENCIA DE SISTEMAS DE LA CALIDAD,153,SES,33.2,BAJA,13,13,13,0,69,62.5,121.0,33.2,62.5
ESPECIALIZACION EN INNOVACION Y MARKETING,145,SES,38.7,BAJA,29,29,29,0,80,68.1,92.6,38.7,68.1
MAESTRIA EN ACTIVIDAD FISICA PARA LA SALUD,138,SES,2.9,ALTA,20,20,20,0,64,41.0,42.1,2.9,41.0
INGENIERIA EN INFORMATICA,135,SES,20.2,MEDIA,19,19,19,0,46,48.0,75.5,20.2,48.0
ESPECIALIZACION EN GESTION PARA EL DESARROLLO EMPRESARIAL,133,Lineal,33.3,BAJA,12,10,9,0,40,33.3,152.8,54.2,52.6
ESPECIALIZACION EN GERENCIA DE NEGOCIOS INTERNACIONALES,130,SES,27.9,MEDIA,11,11,11,0,36,83.5,51.3,27.9,83.5
INGENIERIA DE SISTEMAS,129,Lineal,28.8,MEDIA,26,28,30,0,61,28.8,29.3,35.4,28.8
INGENIERIA MECATRONICA,126,Polinómico,5.5,ALTA,34,41,49,22,75,15.7,5.5,36.3,15.7
MAESTRIA EN INFRAESTRUCTURA VIAL,124,Holt,26.8,MEDIA,10,8,6,0,61,26.8,149.7,49.6,26.8
ESPECIALIZACION EN ORDENAMIENTO Y GESTION INTEGRAL DE CUENCAS HIDROGRAFICAS,123,Polinómico,160.0,BAJA,0,0,0,0,33,466.3,160.0,495.0,466.3
"LICENCIATURA EN FILOSOFIA, PENSAMIENTO POLITICO Y ECONOMICO",119,SES,385.0,BAJA,1,1,1,0,37,712.1,815.0,385.0,688.7
MAESTRIA EN SALUD PUBLICA,119,Polinómico,150.6,BAJA,0,0,0,0,49,606.9,150.6,942.7,606.9
LICENCIATURA EN TEOLOGIA,118,Polinómico,16.9,MEDIA,27,32,39,28,49,17.2,16.9,25.3,17.2
LICENCIATURA EN EDUCACION INFANTIL,117,Holt,42.5,BAJA,62,75,88,49,126,42.5,61.3,58.9,42.5
ESPECIALIZACION EN AUDITORIA Y ADMINISTRACION DE LA INFORMACION TRIBUTARIA,116,SES,4.6,ALTA,17,17,17,0,38,9.6,8.1,4.6,9.6
LICENCIATURA EN FILOSOFIA Y LENGUA CASTELLANA,115,SES,40.6,BAJA,16,16,16,0,55,41.7,72.0,40.6,41.8
ESPECIALIZACION EN GOBIERNO Y GESTION TERRITORIAL,113,Holt,44.1,BAJA,20,21,22,0,69,44.1,79.7,88.7,44.1
LICENCIATURA EN BIOLOGIA CON ENFASIS EN EDUCACION AMBIENTAL,109,SES,112.4,BAJA,5,5,5,0,45,174.8,210.7,112.4,167.3
DOCTORADO EN EDUCACION,109,Lineal,30.1,BAJA,23,25,27,0,55,30.1,31.1,41.4,30.1
MAESTRIA EN DERECHO,109,Holt,50.8,BAJA,11,10,9,0,62,50.8,193.3,52.1,50.8
ESPECIALIZACION EN DERECHO CONSTITUCIONAL,105,SES,13.7,ALTA,15,15,15,0,49,75.3,64.5,13.7,75.3
LICENCIATURA EN LENGUA CASTELLANA Y LITERATURA,104,Holt,28.9,MEDIA,7,4,2,0,15,28.9,60.6,41.4,28.9
ESPECIALIZACION EN SEGMENTO ANTERIOR Y LENTES DE CONTACTO,100,SES,25.1,MEDIA,14,14,14,0,39,31.0,86.1,25.1,31.0
MAESTRIA EN DERECHO PENAL,98,Polinómico,71.8,BAJA,67,96,131,100,162,74.0,71.8,72.0,74.0
ESPECIALIZACION EN DERECHO TRIBUTARIO,91,SES,72.6,BAJA,18,18,18,0,55,110.3,193.1,72.6,110.3
TEOLOGIA,89,Lineal,39.2,BAJA,12,12,12,0,36,39.2,80.5,40.5,39.2
LICENCIATURA EN EDUCACION BASICA CON ENFASIS EN HUMANIDADES Y LENGUA CASTELLANA,84,SES,0.0,ALTA,3,3,3,0,34,253.3,38.3,0.0,253.3
MAESTRIA EN PLANEACION PARA EL DESARROLLO,83,SES,68.8,BAJA,12,12,12,0,40,118.2,183.2,68.8,118.2
ESPECIALIZACION EN ORTODONCIA,82,SES,4.6,ALTA,12,12,12,5,18,6.1,23.6,4.6,6.1
ESPECIALIZACION EN SEGURIDAD SOCIAL,81,SES,48.0,BAJA,13,13,13,0,70,58.1,546.0,48.0,55.1
QUIMICA AMBIENTAL,81,Polinómico,19.2,MEDIA,14,20,29,17,41,97.1,19.2,25.4,97.1
ESPECIALIZACION EN REHABILITACION ORAL,81,SES,21.1,MEDIA,12,12,12,0,25,21.5,33.3,21.1,21.5
LICENCIATURA EN EDUCACION BASICA CON ENFASIS EN MATEMATICAS,81,Polinómico,166.7,BAJA,0,0,0,0,17,275.0,166.7,392.2,275.0
MAESTRIA EN TELECOMUNICACIONES Y REGULACION TIC,73,SES,77.3,BAJA,10,10,10,0,38,90.9,269.6,77.3,90.9
ESPECIALIZACION EN PERIODONCIA,72,SES,29.0,MEDIA,10,10,10,0,38,51.0,116.9,29.0,51.0
MAESTRIA EN DERECHO PENAL Y PROCESAL PENAL,71,Polinómico,45.1,BAJA,0,0,0,0,24,82.7,45.1,94.3,82.7
MAESTRIA EN CIENCIAS Y TECNOLOGIAS AMBIENTALES,67,SES,56.5,BAJA,10,10,10,0,38,78.1,137.3,56.5,109.6
ESPECIALIZACION EN GERENCIA DE EMPRESAS AGROPECUARIAS,65,Lineal,104.7,BAJA,7,7,6,0,31,104.7,111.3,107.9,177.3
ESPECIALIZACION EN DERECHO DE LAS RELACIONES LABORALES,65,Lineal,108.6,BAJA,5,4,3,0,27,108.6,266.2,218.2,108.6
"MAESTRIA EN COMUNICACION,DESARROLLO Y CAMBIO SOCIAL",65,Holt,52.5,BAJA,1,0,0,0,27,52.5,144.2,257.5,52.5
ZOOTECNIA,64,SES,12.3,ALTA,9,9,9,0,19,16.1,57.9,12.3,16.1
LICENCIATURA EN LITERATURA Y LENGUA CASTELLANA,62,Lineal,82.4,BAJA,20,23,25,0,53,82.4,144.9,97.0,166.9
MAESTRIA EN CIENCIAS ECONOMICAS,56,Lineal,34.4,BAJA,0,0,0,0,13,34.4,231.7,92.9,34.4
MAESTRIA EN DERECHO PRIVADO,55,Polinómico,106.5,BAJA,0,0,0,0,16,287.3,106.5,216.8,287.3
MAESTRIA EN ESTADISTICA APLICADA,52,Lineal,10.5,ALTA,15,16,18,13,24,10.5,25.5,16.5,10.5
